{"H": [[1.00782503207, 100.0], [2.0141017778, 0.011501322652104991]], "He": [[3.0160293191, 0.00013400017956024062], [4.00260325415, 100.0]], "Li": [[6.015122795, 8.213396818526133], [7.01600455, 100.0]], "Be": [[9.0121822, 100.0]], "B": [[10.012937, 24.84394506866417], [11.0093054, 100.0]], "C": [[12.0, 100.0], [13.0033548378, 1.0815728292732234]], "N": [[14.0030740048, 100.00000000000001], [15.0001088982, 0.3653298004737244]], "O": [[15.99491461956, 100.0], [16.9991317, 0.03809256493278667], [17.999161, 0.20549936345319125]], "X": [[15.99491461956, 100.0], [16.9991317, 0.03809256493278667], [17.999161, 0.20549936345319125]], "Xx": [[15.99491461956, 100.0], [16.9991317, 0.03809256493278667], [17.999161, 0.20549936345319125]], "F": [[18.99840322, 100.0]], "Ne": [[19.9924401754, 100.0], [20.99384668, 0.29840848806366044], [21.991385114, 10.223253757736517]], "Na": [[22.9897692809, 100.0]], "Mg": [[23.9850417, 100.0], [24.98583692, 12.6598303582732], [25.982592929, 13.938473224458793]], "Al": [[26.98153863, 100.0]], "Si": [[27.9769265325, 100.0], [28.9764947, 5.080077637899439], [29.97377017, 3.352742808193184]], "P": [[30.97376163, 100.0]], "S": [[31.972071, 100.0], [32.97145876, 0.7895567954521528], [33.9678669, 4.4741551742288665], [35.96708076, 0.010527423939362039]], "Cl": [[34.96885268, 100.0], [36.96590259, 31.995776135163673]], "Ar": [[35.967545106, 0.3378503880008394], [37.9627324, 0.06345362413567028], [39.9623831225, 100.0]], "K": [[38.96370668, 100.0], [39.96399848, 0.012545827118502306], [40.96182576, 7.216745784012327]], "Ca": [[39.96259098, 100.0], [41.95861801, 0.6674162635004797], [42.9587666, 0.1392599622450769], [43.9554818, 2.1518243055054103], [45.9536926, 0.004126221103557834], [47.952534, 0.19290083659132873]], "Sc": [[44.9559119, 100.0]], "Ti": [[45.9526316, 11.190992946283234], [46.9517631, 10.092240911557244], [47.9479463, 100.0], [48.94787, 7.3385784047748235], [49.9447912, 7.026587086272382]], "V": [[49.9471585, 0.2506265664160401], [50.9439595, 100.0]], "Cr": [[49.9460442, 5.185644893721133], [51.9405075, 100.0], [52.9406494, 11.339197269331295], [53.9388804, 2.822566207974794]], "Mn": [[54.9380451, 100.0]], "Fe": [[53.9396105, 6.370294483074307], [55.9349375, 99.99999999999999], [56.935394, 2.309436100878436], [57.9332756, 0.307343549055082]], "Co": [[58.933195, 100.0]], "Ni": [[57.9353429, 100.0], [59.9307864, 38.51982096717095], [60.931056, 1.674429946134445], [61.9283451, 5.338815369089956], [63.927966, 1.3596388789736313]], "Cu": [[62.9295975, 100.0], [64.9277895, 44.61315979754157]], "Zn": [[63.9291422, 100.0], [65.9260334, 57.95765310350543], [66.9271273, 8.498384022540815], [67.9248442, 39.413275876357005], [69.9253193, 1.3072843291621778]], "Ga": [[68.9255736, 100.0], [70.9247013, 66.36720569641314]], "Ge": [[69.9242474, 55.50108932461874], [71.9220758, 74.37363834422658], [72.9234589, 21.13289760348584], [73.9211778, 100.0], [75.9214026, 21.323529411764707]], "As": [[74.9215965, 100.0]], "Se": [[73.9224764, 1.7939931465430357], [75.9192136, 18.887321104616003], [76.919914, 15.379963716992542], [77.9173091, 47.91372707115501], [79.9165213, 100.0], [81.9166994, 17.597258617214273]], "Br": [[78.9183371, 100.0], [80.9162906, 97.27756954034326]], "Kr": [[77.9203648, 0.6229490936529384], [79.916379, 4.011441205889062], [81.9134836, 20.343236176671873], [82.914136, 20.180041061996594], [83.911507, 100.0], [85.91061073, 30.32095039219471]], "Rb": [[84.911789738, 100.0], [86.909180527, 38.56172925038104]], "Sr": [[83.913425, 0.6781302978929524], [85.9092602, 11.939937030758053], [86.9088771, 8.476628723661904], [87.9056121, 100.0]], "Y": [[88.9058483, 100.0]], "Zr": [[89.9047044, 100.0], [90.9056458, 21.80758017492711], [91.9050408, 33.33333333333333], [93.9063152, 33.78036929057337], [95.9082734, 5.442176870748299]], "Nb": [[92.9063781, 100.0]], "Tc": [], "Mo": [[91.906811, 61.05828854898718], [93.9050883, 38.15626291856139], [94.9058421, 65.72964034725092], [95.9046795, 68.95411326994626], [96.9060215, 39.52046300124018], [97.9054082, 100.0], [99.907477, 39.97519636213311]], "Ru": [[95.907598, 17.5594294770206], [97.905287, 5.927099841521395], [98.9059393, 40.443740095087165], [99.9042195, 39.93660855784469], [100.9055821, 54.072900158478596], [101.9043493, 100.0], [103.905433, 59.01743264659271]], "Rh": [[102.905504, 100.0]], "Pd": [[101.905609, 3.7321624588364437], [103.904036, 40.76106842297841], [104.905085, 81.70508598609587], [105.903486, 100.0], [107.903892, 96.81668496158069], [109.905153, 42.88327844859129]], "Ag": [[106.905097, 100.0], [108.904752, 92.90495572831267]], "Cd": [[105.906459, 4.35085276714236], [107.904184, 3.09780717020536], [109.9030021, 43.47372084928646], [110.9041781, 44.55273233553776], [111.9027578, 83.98886181691611], [112.9044017, 42.53393665158371], [113.9033585, 100.0], [115.904756, 26.07030978071702]], "In": [[112.904058, 4.48229025180232], [114.903878, 100.0]], "Sn": [[111.904818, 2.9772866789441377], [113.902779, 2.0257826887661143], [114.903342, 1.043585021485574], [115.901741, 44.62860650705955], [116.902952, 23.572744014732965], [117.901603, 74.34008594229589], [118.903308, 26.365868631062003], [119.9021947, 100.0], [121.903439, 14.211172498465316], [123.9052739, 17.771639042357275]], "Sb": [[120.9038157, 100.0], [122.904214, 74.79461632581716]], "Te": [[119.90402, 0.26408450704225356], [121.9030439, 7.482394366197183], [122.90427, 2.6115023474178405], [123.9028179, 13.908450704225352], [124.9044307, 20.745305164319248], [125.9033117, 55.28169014084507], [127.9044631, 93.13380281690141], [129.9062244, 100.0]], "I": [[126.904473, 100.0]], "Xe": [[123.905893, 0.3537902380651539], [125.904274, 0.3307492771827594], [127.9035313, 7.098845722185471], [128.9047794, 98.11212772124897], [129.903508, 15.128992218101274], [130.9050824, 78.90562868376652], [131.9041535, 100.0], [133.9053945, 38.782025077484526], [135.907219, 32.91624239090849]], "Cs": [[132.905451933, 100.0]], "Ba": [[129.9063208, 0.14784233869842953], [131.9050613, 0.14086864347680553], [133.9045084, 3.3710842701330583], [134.9056886, 9.194119780189126], [135.9045759, 10.954280454127034], [136.9058274, 15.66570894585623], [137.9052472, 100.0]], "La": [[137.907112, 0.0900810729656691], [138.9063533, 100.0]], "Ce": [[135.907172, 0.2091577162238553], [137.905991, 0.283776144714528], [139.9054387, 100.0], [141.909244, 12.56529112492934]], "Pr": [[140.9076528, 100.0]], "Pm": [], "Nd": [[141.9077233, 100.0], [142.9098143, 44.85294117647059], [143.9100873, 87.5], [144.9125736, 30.514705882352946], [145.9131169, 63.23529411764706], [147.916893, 20.955882352941178], [149.920891, 20.58823529411765]], "Sm": [[143.911999, 11.476635514018692], [146.9148979, 56.03738317757009], [147.9148227, 42.018691588785046], [148.9171847, 51.66355140186916], [149.9172755, 27.588785046728972], [151.9197324, 100.0], [153.9222093, 85.04672897196262]], "Eu": [[150.9198502, 91.60758766047135], [152.9212303, 100.0]], "Gd": [[151.919791, 0.8051529790660226], [153.9208656, 8.776167471819647], [154.922622, 59.58132045088567], [155.9221227, 82.4074074074074], [156.9239601, 63.00322061191626], [157.9241039, 100.0], [159.9270541, 88.00322061191626]], "Tb": [[158.9253468, 100.0]], "Dy": [[155.924283, 0.19815994338287332], [157.924409, 0.3361641896673744], [159.9251975, 8.241330502476998], [160.9269334, 66.84005661712668], [161.9267984, 90.1450813871196], [162.9287312, 88.09624911535738], [163.9291748, 100.0]], "Ho": [[164.9303221, 100.0]], "Er": [[161.928778, 0.41488821896546585], [163.9292, 4.778676536429574], [165.9302931, 100.0], [166.9320482, 68.25955884547653], [167.9323702, 80.5241321672686], [169.9354643, 44.50347730054025]], "Tm": [[168.9342133, 100.0]], "Yb": [[167.933897, 0.4084197298146403], [169.9347618, 9.550738297203896], [170.9363258, 44.863336475023566], [171.9363815, 68.58309770656614], [172.9382108, 50.67546339930883], [173.9388621, 100.0], [175.9425717, 40.08796732642162]], "Lu": [[174.9407718, 100.0], [175.9426863, 2.658864592957602]],